date,close
2024-11-25 10:00:00+11:00,8405.599609375
2024-11-25 10:01:00+11:00,8404.0
2024-11-25 10:02:00+11:00,8420.900390625
2024-11-25 10:03:00+11:00,8424.900390625
2024-11-25 10:04:00+11:00,8435.7001953125
2024-11-25 10:05:00+11:00,8433.2001953125
2024-11-25 10:06:00+11:00,8431.0
2024-11-25 10:07:00+11:00,8439.7001953125
2024-11-25 10:08:00+11:00,8435.099609375
2024-11-25 10:09:00+11:00,8458.900390625
2024-11-25 10:10:00+11:00,8452.7001953125
2024-11-25 10:11:00+11:00,8448.5
2024-11-25 10:12:00+11:00,8446.7001953125
2024-11-25 10:13:00+11:00,8446.2001953125
2024-11-25 10:14:00+11:00,8442.7001953125
2024-11-25 10:15:00+11:00,8437.0
2024-11-25 10:16:00+11:00,8440.900390625
2024-11-25 10:17:00+11:00,8442.099609375
2024-11-25 10:18:00+11:00,8442.7001953125
2024-11-25 10:19:00+11:00,8443.099609375
2024-11-25 10:20:00+11:00,8444.7998046875
2024-11-25 10:21:00+11:00,8443.0
2024-11-25 10:22:00+11:00,8442.599609375
2024-11-25 10:23:00+11:00,8443.099609375
2024-11-25 10:24:00+11:00,8443.0
2024-11-25 10:25:00+11:00,8444.2001953125
2024-11-25 10:26:00+11:00,8444.099609375
2024-11-25 10:27:00+11:00,8445.5
2024-11-25 10:28:00+11:00,8448.2001953125
2024-11-25 10:29:00+11:00,8449.5
2024-11-25 10:30:00+11:00,8450.0
2024-11-25 10:31:00+11:00,8452.900390625
2024-11-25 10:32:00+11:00,8449.5
2024-11-25 10:33:00+11:00,8445.7998046875
2024-11-25 10:34:00+11:00,8447.900390625
2024-11-25 10:35:00+11:00,8449.2998046875
2024-11-25 10:36:00+11:00,8449.7998046875
2024-11-25 10:37:00+11:00,8450.599609375
2024-11-25 10:38:00+11:00,8450.099609375
2024-11-25 10:39:00+11:00,8445.099609375
2024-11-25 10:40:00+11:00,8443.2998046875
2024-11-25 10:41:00+11:00,8446.2998046875
2024-11-25 10:42:00+11:00,8445.5
2024-11-25 10:43:00+11:00,8444.0
2024-11-25 10:44:00+11:00,8444.7998046875
2024-11-25 10:45:00+11:00,8446.0
2024-11-25 10:46:00+11:00,8446.599609375
2024-11-25 10:47:00+11:00,8444.7001953125
2024-11-25 10:48:00+11:00,8444.099609375
2024-11-25 10:49:00+11:00,8447.900390625
2024-11-25 10:50:00+11:00,8447.7998046875
2024-11-25 10:51:00+11:00,8442.900390625
2024-11-25 10:52:00+11:00,8444.400390625
2024-11-25 10:53:00+11:00,8446.7998046875
2024-11-25 10:54:00+11:00,8448.0
2024-11-25 10:55:00+11:00,8447.099609375
2024-11-25 10:56:00+11:00,8444.400390625
2024-11-25 10:57:00+11:00,8441.099609375
2024-11-25 10:58:00+11:00,8439.400390625
2024-11-25 10:59:00+11:00,8441.7001953125
2024-11-25 11:00:00+11:00,8442.0
2024-11-25 11:01:00+11:00,8441.0
2024-11-25 11:02:00+11:00,8442.7998046875
2024-11-25 11:03:00+11:00,8443.7998046875
2024-11-25 11:04:00+11:00,8442.2001953125
2024-11-25 11:05:00+11:00,8443.2998046875
2024-11-25 11:06:00+11:00,8441.900390625
2024-11-25 11:07:00+11:00,8442.7998046875
2024-11-25 11:08:00+11:00,8441.5
2024-11-25 11:09:00+11:00,8443.7998046875
2024-11-25 11:10:00+11:00,8446.099609375
2024-11-25 11:11:00+11:00,8450.2001953125
2024-11-25 11:12:00+11:00,8451.099609375
2024-11-25 11:13:00+11:00,8449.099609375
2024-11-25 11:14:00+11:00,8451.2001953125
2024-11-25 11:15:00+11:00,8454.900390625
2024-11-25 11:16:00+11:00,8456.900390625
2024-11-25 11:17:00+11:00,8456.2001953125
2024-11-25 11:18:00+11:00,8457.5
2024-11-25 11:19:00+11:00,8457.599609375
2024-11-25 11:20:00+11:00,8457.5
2024-11-25 11:21:00+11:00,8456.099609375
2024-11-25 11:22:00+11:00,8454.2001953125
2024-11-25 11:23:00+11:00,8457.7001953125
2024-11-25 11:24:00+11:00,8456.099609375
2024-11-25 11:25:00+11:00,8458.7998046875
2024-11-25 11:26:00+11:00,8460.400390625
2024-11-25 11:27:00+11:00,8461.5
2024-11-25 11:28:00+11:00,8461.599609375
2024-11-25 11:29:00+11:00,8460.5
2024-11-25 11:30:00+11:00,8458.099609375
2024-11-25 11:31:00+11:00,8459.099609375
2024-11-25 11:32:00+11:00,8456.900390625
2024-11-25 11:33:00+11:00,8454.0
2024-11-25 11:34:00+11:00,8454.099609375
2024-11-25 11:35:00+11:00,8452.5
2024-11-25 11:36:00+11:00,8452.599609375
2024-11-25 11:37:00+11:00,8449.7998046875
2024-11-25 11:38:00+11:00,8452.099609375
2024-11-25 11:39:00+11:00,8452.2998046875
2024-11-25 11:40:00+11:00,8453.7998046875
2024-11-25 11:41:00+11:00,8454.900390625
2024-11-25 11:42:00+11:00,8455.7001953125
2024-11-25 11:43:00+11:00,8456.400390625
2024-11-25 11:44:00+11:00,8457.2001953125
2024-11-25 11:45:00+11:00,8457.7998046875
2024-11-25 11:46:00+11:00,8453.7998046875
2024-11-25 11:47:00+11:00,8451.599609375
2024-11-25 11:48:00+11:00,8451.2001953125
2024-11-25 11:49:00+11:00,8451.400390625
2024-11-25 11:50:00+11:00,8450.2998046875
2024-11-25 11:51:00+11:00,8449.5
2024-11-25 11:52:00+11:00,8452.099609375
2024-11-25 11:53:00+11:00,8451.2998046875
2024-11-25 11:54:00+11:00,8452.599609375
2024-11-25 11:55:00+11:00,8453.0
2024-11-25 11:56:00+11:00,8454.400390625
2024-11-25 11:57:00+11:00,8451.2998046875
2024-11-25 11:58:00+11:00,8452.2001953125
2024-11-25 11:59:00+11:00,8450.400390625
2024-11-25 12:00:00+11:00,8451.7001953125
2024-11-25 12:01:00+11:00,8452.099609375
2024-11-25 12:02:00+11:00,8455.900390625
2024-11-25 12:03:00+11:00,8456.099609375
2024-11-25 12:04:00+11:00,8456.2998046875
2024-11-25 12:05:00+11:00,8454.2998046875
2024-11-25 12:06:00+11:00,8454.400390625
2024-11-25 12:07:00+11:00,8454.7998046875
2024-11-25 12:08:00+11:00,8456.400390625
2024-11-25 12:09:00+11:00,8454.0
2024-11-25 12:10:00+11:00,8453.5
2024-11-25 12:11:00+11:00,8452.7001953125
2024-11-25 12:12:00+11:00,8453.7001953125
2024-11-25 12:13:00+11:00,8452.2998046875
2024-11-25 12:14:00+11:00,8451.7001953125
2024-11-25 12:15:00+11:00,8450.2001953125
2024-11-25 12:16:00+11:00,8449.400390625
2024-11-25 12:17:00+11:00,8447.7998046875
2024-11-25 12:18:00+11:00,8445.900390625
2024-11-25 12:19:00+11:00,8444.7001953125
2024-11-25 12:20:00+11:00,8444.7998046875
2024-11-25 12:21:00+11:00,8444.599609375
2024-11-25 12:22:00+11:00,8443.7998046875
2024-11-25 12:23:00+11:00,8444.400390625
2024-11-25 12:24:00+11:00,8443.5
2024-11-25 12:25:00+11:00,8445.2001953125
2024-11-25 12:26:00+11:00,8444.2998046875
2024-11-25 12:27:00+11:00,8444.0
2024-11-25 12:28:00+11:00,8443.900390625
2024-11-25 12:29:00+11:00,8443.599609375
2024-11-25 12:30:00+11:00,8444.0
2024-11-25 12:31:00+11:00,8444.0
2024-11-25 12:32:00+11:00,8443.099609375
2024-11-25 12:33:00+11:00,8442.2001953125
2024-11-25 12:34:00+11:00,8443.7998046875
2024-11-25 12:35:00+11:00,8446.599609375
2024-11-25 12:36:00+11:00,8448.099609375
2024-11-25 12:37:00+11:00,8450.2998046875
2024-11-25 12:38:00+11:00,8452.5
2024-11-25 12:39:00+11:00,8452.900390625
2024-11-25 12:40:00+11:00,8453.900390625
2024-11-25 12:41:00+11:00,8452.7001953125
2024-11-25 12:42:00+11:00,8456.5
2024-11-25 12:43:00+11:00,8456.099609375
2024-11-25 12:44:00+11:00,8455.099609375
2024-11-25 12:45:00+11:00,8455.7998046875
2024-11-25 12:46:00+11:00,8456.900390625
2024-11-25 12:47:00+11:00,8455.2001953125
2024-11-25 12:48:00+11:00,8454.900390625
2024-11-25 12:49:00+11:00,8455.5
2024-11-25 12:50:00+11:00,8455.2001953125
2024-11-25 12:51:00+11:00,8455.5
2024-11-25 12:52:00+11:00,8454.5
2024-11-25 12:53:00+11:00,8453.400390625
2024-11-25 12:54:00+11:00,8451.7998046875
2024-11-25 12:55:00+11:00,8451.7998046875
2024-11-25 12:56:00+11:00,8451.099609375
2024-11-25 12:57:00+11:00,8448.2001953125
2024-11-25 12:58:00+11:00,8449.7001953125
2024-11-25 12:59:00+11:00,8450.0
2024-11-25 13:00:00+11:00,8448.900390625
2024-11-25 13:01:00+11:00,8449.099609375
2024-11-25 13:02:00+11:00,8449.099609375
2024-11-25 13:03:00+11:00,8449.2001953125
2024-11-25 13:04:00+11:00,8449.0
2024-11-25 13:05:00+11:00,8449.400390625
2024-11-25 13:06:00+11:00,8448.0
2024-11-25 13:07:00+11:00,8448.900390625
2024-11-25 13:08:00+11:00,8448.7998046875
2024-11-25 13:09:00+11:00,8447.400390625
2024-11-25 13:10:00+11:00,8447.2001953125
2024-11-25 13:11:00+11:00,8447.599609375
2024-11-25 13:12:00+11:00,8446.599609375
2024-11-25 13:13:00+11:00,8447.0
2024-11-25 13:14:00+11:00,8446.900390625
2024-11-25 13:15:00+11:00,8446.400390625
2024-11-25 13:16:00+11:00,8447.5
2024-11-25 13:17:00+11:00,8448.2998046875
2024-11-25 13:18:00+11:00,8447.099609375
2024-11-25 13:19:00+11:00,8448.099609375
2024-11-25 13:20:00+11:00,8449.0
2024-11-25 13:21:00+11:00,8448.900390625
2024-11-25 13:22:00+11:00,8449.2998046875
2024-11-25 13:23:00+11:00,8449.2001953125
2024-11-25 13:24:00+11:00,8449.900390625
2024-11-25 13:25:00+11:00,8449.7998046875
2024-11-25 13:26:00+11:00,8450.5
2024-11-25 13:27:00+11:00,8450.2998046875
2024-11-25 13:28:00+11:00,8451.099609375
2024-11-25 13:29:00+11:00,8450.2001953125
2024-11-25 13:30:00+11:00,8450.2001953125
2024-11-25 13:31:00+11:00,8449.099609375
2024-11-25 13:32:00+11:00,8449.2998046875
2024-11-25 13:33:00+11:00,8450.099609375
2024-11-25 13:34:00+11:00,8449.099609375
2024-11-25 13:35:00+11:00,8447.5
2024-11-25 13:36:00+11:00,8447.900390625
2024-11-25 13:37:00+11:00,8447.2998046875
2024-11-25 13:38:00+11:00,8449.2998046875
2024-11-25 13:39:00+11:00,8451.2998046875
2024-11-25 13:40:00+11:00,8450.400390625
2024-11-25 13:41:00+11:00,8449.7998046875
2024-11-25 13:42:00+11:00,8449.5
2024-11-25 13:43:00+11:00,8448.900390625
2024-11-25 13:44:00+11:00,8450.5
2024-11-25 13:45:00+11:00,8450.2998046875
2024-11-25 13:46:00+11:00,8450.2001953125
2024-11-25 13:47:00+11:00,8449.2998046875
2024-11-25 13:48:00+11:00,8449.7001953125
2024-11-25 13:49:00+11:00,8449.2998046875
2024-11-25 13:50:00+11:00,8447.2998046875
2024-11-25 13:51:00+11:00,8447.0
2024-11-25 13:52:00+11:00,8446.400390625
2024-11-25 13:53:00+11:00,8448.400390625
2024-11-25 13:54:00+11:00,8446.599609375
2024-11-25 13:55:00+11:00,8446.2998046875
2024-11-25 13:56:00+11:00,8444.900390625
2024-11-25 13:57:00+11:00,8444.5
2024-11-25 13:58:00+11:00,8445.099609375
2024-11-25 13:59:00+11:00,8444.900390625
2024-11-25 14:00:00+11:00,8444.7998046875
2024-11-25 14:01:00+11:00,8445.400390625
2024-11-25 14:02:00+11:00,8445.2998046875
2024-11-25 14:03:00+11:00,8447.0
2024-11-25 14:04:00+11:00,8446.0
2024-11-25 14:05:00+11:00,8446.900390625
2024-11-25 14:06:00+11:00,8446.0
2024-11-25 14:07:00+11:00,8445.400390625
2024-11-25 14:08:00+11:00,8443.5
2024-11-25 14:09:00+11:00,8443.900390625
2024-11-25 14:10:00+11:00,8443.7998046875
2024-11-25 14:11:00+11:00,8443.7998046875
2024-11-25 14:12:00+11:00,8446.099609375
2024-11-25 14:13:00+11:00,8444.599609375
2024-11-25 14:14:00+11:00,8444.5
2024-11-25 14:15:00+11:00,8445.7001953125
2024-11-25 14:16:00+11:00,8447.0
2024-11-25 14:17:00+11:00,8445.5
2024-11-25 14:18:00+11:00,8445.400390625
2024-11-25 14:19:00+11:00,8446.7998046875
2024-11-25 14:20:00+11:00,8448.0
2024-11-25 14:21:00+11:00,8447.5
2024-11-25 14:22:00+11:00,8447.0
2024-11-25 14:23:00+11:00,8446.7998046875
2024-11-25 14:24:00+11:00,8447.900390625
2024-11-25 14:25:00+11:00,8446.7001953125
2024-11-25 14:26:00+11:00,8444.900390625
2024-11-25 14:27:00+11:00,8444.400390625
2024-11-25 14:28:00+11:00,8443.0
2024-11-25 14:29:00+11:00,8441.2998046875
2024-11-25 14:30:00+11:00,8440.900390625
2024-11-25 14:31:00+11:00,8437.900390625
2024-11-25 14:32:00+11:00,8437.5
2024-11-25 14:33:00+11:00,8435.7998046875
2024-11-25 14:34:00+11:00,8435.599609375
2024-11-25 14:35:00+11:00,8435.0
2024-11-25 14:36:00+11:00,8437.599609375
2024-11-25 14:37:00+11:00,8437.099609375
2024-11-25 14:38:00+11:00,8438.0
2024-11-25 14:39:00+11:00,8438.900390625
2024-11-25 14:40:00+11:00,8441.599609375
2024-11-25 14:41:00+11:00,8442.400390625
2024-11-25 14:42:00+11:00,8442.5
2024-11-25 14:43:00+11:00,8440.599609375
2024-11-25 14:44:00+11:00,8439.7998046875
2024-11-25 14:45:00+11:00,8441.099609375
2024-11-25 14:46:00+11:00,8440.900390625
2024-11-25 14:47:00+11:00,8443.0
2024-11-25 14:48:00+11:00,8444.599609375
2024-11-25 14:49:00+11:00,8447.2001953125
2024-11-25 14:50:00+11:00,8448.2998046875
2024-11-25 14:51:00+11:00,8447.900390625
2024-11-25 14:52:00+11:00,8448.7998046875
2024-11-25 14:53:00+11:00,8450.400390625
2024-11-25 14:54:00+11:00,8451.099609375
2024-11-25 14:55:00+11:00,8449.400390625
2024-11-25 14:56:00+11:00,8451.2001953125
2024-11-25 14:57:00+11:00,8451.7001953125
2024-11-25 14:58:00+11:00,8452.7998046875
2024-11-25 14:59:00+11:00,8451.400390625
2024-11-25 15:00:00+11:00,8452.599609375
2024-11-25 15:01:00+11:00,8449.400390625
2024-11-25 15:02:00+11:00,8448.7998046875
2024-11-25 15:03:00+11:00,8446.7998046875
2024-11-25 15:04:00+11:00,8444.7001953125
2024-11-25 15:05:00+11:00,8445.2998046875
2024-11-25 15:06:00+11:00,8446.900390625
2024-11-25 15:07:00+11:00,8445.900390625
2024-11-25 15:08:00+11:00,8445.2998046875
2024-11-25 15:09:00+11:00,8443.400390625
2024-11-25 15:10:00+11:00,8444.0
2024-11-25 15:11:00+11:00,8443.7001953125
2024-11-25 15:12:00+11:00,8441.599609375
2024-11-25 15:13:00+11:00,8441.7998046875
2024-11-25 15:14:00+11:00,8441.400390625
2024-11-25 15:15:00+11:00,8441.099609375
2024-11-25 15:16:00+11:00,8439.599609375
2024-11-25 15:17:00+11:00,8440.5
2024-11-25 15:18:00+11:00,8440.400390625
2024-11-25 15:19:00+11:00,8439.7998046875
2024-11-25 15:20:00+11:00,8440.400390625
2024-11-25 15:21:00+11:00,8442.2998046875
2024-11-25 15:22:00+11:00,8441.7001953125
2024-11-25 15:23:00+11:00,8440.900390625
2024-11-25 15:24:00+11:00,8442.900390625
2024-11-25 15:25:00+11:00,8441.0
2024-11-25 15:26:00+11:00,8441.2001953125
2024-11-25 15:27:00+11:00,8442.2001953125
2024-11-25 15:28:00+11:00,8444.0
2024-11-25 15:29:00+11:00,8442.400390625
2024-11-25 15:30:00+11:00,8443.2001953125
2024-11-25 15:31:00+11:00,8442.7001953125
2024-11-25 15:32:00+11:00,8442.2001953125
2024-11-25 15:33:00+11:00,8440.599609375
2024-11-25 15:34:00+11:00,8439.099609375
2024-11-25 15:35:00+11:00,8438.0
2024-11-25 15:36:00+11:00,8438.099609375
2024-11-25 15:37:00+11:00,8437.5
2024-11-25 15:38:00+11:00,8436.2998046875
2024-11-25 15:39:00+11:00,8435.7001953125
2024-11-25 15:40:00+11:00,8436.7998046875
2024-11-25 15:41:00+11:00,8435.900390625
2024-11-25 15:42:00+11:00,8435.400390625
2024-11-25 15:43:00+11:00,8435.2998046875
2024-11-25 15:44:00+11:00,8435.599609375
2024-11-25 15:45:00+11:00,8432.599609375
2024-11-25 15:46:00+11:00,8434.0
2024-11-25 15:47:00+11:00,8434.5
2024-11-25 15:48:00+11:00,8436.7001953125
2024-11-25 15:49:00+11:00,8436.2001953125
2024-11-25 15:50:00+11:00,8435.099609375
2024-11-25 15:51:00+11:00,8434.7001953125
2024-11-25 15:52:00+11:00,8433.2001953125
2024-11-25 15:53:00+11:00,8432.599609375
2024-11-25 15:54:00+11:00,8431.2998046875
2024-11-25 15:55:00+11:00,8432.099609375
2024-11-25 15:56:00+11:00,8431.7001953125
2024-11-25 15:57:00+11:00,8430.900390625
2024-11-25 15:58:00+11:00,8430.900390625
2024-11-25 15:59:00+11:00,8429.400390625
2024-11-25 16:00:00+11:00,8429.7998046875
2024-11-25 16:01:00+11:00,8429.7998046875
2024-11-25 16:02:00+11:00,8429.7998046875
2024-11-25 16:03:00+11:00,8429.7998046875
2024-11-25 16:04:00+11:00,8429.7998046875
2024-11-25 16:05:00+11:00,8429.7998046875
2024-11-25 16:06:00+11:00,8429.7998046875
2024-11-25 16:07:00+11:00,8429.7998046875
2024-11-25 16:08:00+11:00,8429.7998046875
2024-11-25 16:09:00+11:00,8429.7998046875
2024-11-25 16:10:00+11:00,8417.599609375
2024-11-25 16:11:00+11:00,8417.599609375
2024-11-26 10:00:00+11:00,8422.099609375
2024-11-26 10:01:00+11:00,8423.400390625
2024-11-26 10:02:00+11:00,8424.5
2024-11-26 10:03:00+11:00,8423.900390625
2024-11-26 10:04:00+11:00,8428.599609375
2024-11-26 10:05:00+11:00,8425.7001953125
2024-11-26 10:06:00+11:00,8420.2001953125
2024-11-26 10:07:00+11:00,8426.7001953125
2024-11-26 10:08:00+11:00,8424.7001953125
2024-11-26 10:09:00+11:00,8433.0
2024-11-26 10:10:00+11:00,8430.0
2024-11-26 10:11:00+11:00,8428.2998046875
2024-11-26 10:12:00+11:00,8424.2998046875
2024-11-26 10:13:00+11:00,8421.7001953125
2024-11-26 10:14:00+11:00,8424.0
2024-11-26 10:15:00+11:00,8423.5
2024-11-26 10:16:00+11:00,8425.900390625
2024-11-26 10:17:00+11:00,8424.900390625
2024-11-26 10:18:00+11:00,8423.099609375
2024-11-26 10:19:00+11:00,8422.7001953125
2024-11-26 10:20:00+11:00,8421.7998046875
2024-11-26 10:21:00+11:00,8421.7998046875
2024-11-26 10:22:00+11:00,8419.5
2024-11-26 10:23:00+11:00,8424.2998046875
2024-11-26 10:24:00+11:00,8427.0
2024-11-26 10:25:00+11:00,8421.5
2024-11-26 10:26:00+11:00,8422.7001953125
2024-11-26 10:27:00+11:00,8420.7998046875
2024-11-26 10:28:00+11:00,8422.7998046875
2024-11-26 10:29:00+11:00,8422.0
2024-11-26 10:30:00+11:00,8426.2998046875
2024-11-26 10:31:00+11:00,8428.7998046875
2024-11-26 10:32:00+11:00,8428.099609375
2024-11-26 10:33:00+11:00,8429.400390625
2024-11-26 10:34:00+11:00,8429.0
2024-11-26 10:35:00+11:00,8429.0
2024-11-26 10:36:00+11:00,8429.7998046875
2024-11-26 10:37:00+11:00,8427.7001953125
2024-11-26 10:38:00+11:00,8426.400390625
2024-11-26 10:39:00+11:00,8424.2001953125
2024-11-26 10:40:00+11:00,8421.7001953125
2024-11-26 10:41:00+11:00,8421.2998046875
2024-11-26 10:42:00+11:00,8417.599609375
2024-11-26 10:43:00+11:00,8416.2001953125
2024-11-26 10:44:00+11:00,8412.400390625
2024-11-26 10:45:00+11:00,8413.2998046875
2024-11-26 10:46:00+11:00,8410.7998046875
2024-11-26 10:47:00+11:00,8413.2001953125
2024-11-26 10:48:00+11:00,8406.2001953125
2024-11-26 10:49:00+11:00,8407.400390625
2024-11-26 10:50:00+11:00,8404.7998046875
2024-11-26 10:51:00+11:00,8400.900390625
2024-11-26 10:52:00+11:00,8395.599609375
2024-11-26 10:53:00+11:00,8395.900390625
2024-11-26 10:54:00+11:00,8395.2001953125
2024-11-26 10:55:00+11:00,8395.2998046875
2024-11-26 10:56:00+11:00,8400.099609375
2024-11-26 10:57:00+11:00,8401.7998046875
2024-11-26 10:58:00+11:00,8402.0
2024-11-26 10:59:00+11:00,8397.599609375
2024-11-26 11:00:00+11:00,8394.400390625
2024-11-26 11:01:00+11:00,8396.7001953125
2024-11-26 11:02:00+11:00,8390.7998046875
2024-11-26 11:03:00+11:00,8398.0
2024-11-26 11:04:00+11:00,8396.2998046875
2024-11-26 11:05:00+11:00,8390.5
2024-11-26 11:06:00+11:00,8388.599609375
2024-11-26 11:07:00+11:00,8390.900390625
2024-11-26 11:08:00+11:00,8391.2998046875
2024-11-26 11:09:00+11:00,8393.099609375
2024-11-26 11:10:00+11:00,8391.099609375
2024-11-26 11:11:00+11:00,8391.400390625
2024-11-26 11:12:00+11:00,8394.099609375
2024-11-26 11:13:00+11:00,8395.599609375
2024-11-26 11:14:00+11:00,8399.0
2024-11-26 11:15:00+11:00,8394.599609375
2024-11-26 11:16:00+11:00,8386.2998046875
2024-11-26 11:17:00+11:00,8382.900390625
2024-11-26 11:18:00+11:00,8385.7998046875
2024-11-26 11:19:00+11:00,8377.7998046875
2024-11-26 11:20:00+11:00,8379.599609375
2024-11-26 11:21:00+11:00,8380.099609375
2024-11-26 11:22:00+11:00,8381.400390625
2024-11-26 11:23:00+11:00,8384.900390625
2024-11-26 11:24:00+11:00,8386.0
2024-11-26 11:25:00+11:00,8386.2001953125
2024-11-26 11:26:00+11:00,8388.0
2024-11-26 11:27:00+11:00,8390.400390625
2024-11-26 11:28:00+11:00,8389.2001953125
2024-11-26 11:29:00+11:00,8388.599609375
2024-11-26 11:30:00+11:00,8390.5
2024-11-26 11:31:00+11:00,8389.599609375
2024-11-26 11:32:00+11:00,8389.599609375
2024-11-26 11:33:00+11:00,8386.099609375
2024-11-26 11:34:00+11:00,8388.099609375
2024-11-26 11:35:00+11:00,8385.900390625
2024-11-26 11:36:00+11:00,8390.2998046875
2024-11-26 11:37:00+11:00,8389.7998046875
2024-11-26 11:38:00+11:00,8384.2998046875
2024-11-26 11:39:00+11:00,8384.2001953125
2024-11-26 11:40:00+11:00,8388.599609375
2024-11-26 11:41:00+11:00,8389.0
2024-11-26 11:42:00+11:00,8387.5
2024-11-26 11:43:00+11:00,8387.2998046875
2024-11-26 11:44:00+11:00,8388.599609375
2024-11-26 11:45:00+11:00,8389.5
2024-11-26 11:46:00+11:00,8390.599609375
2024-11-26 11:47:00+11:00,8389.2998046875
2024-11-26 11:48:00+11:00,8390.7998046875
2024-11-26 11:49:00+11:00,8389.400390625
2024-11-26 11:50:00+11:00,8392.099609375
2024-11-26 11:51:00+11:00,8394.599609375
2024-11-26 11:52:00+11:00,8395.0
2024-11-26 11:53:00+11:00,8393.5
2024-11-26 11:54:00+11:00,8387.599609375
2024-11-26 11:55:00+11:00,8390.7001953125
2024-11-26 11:56:00+11:00,8390.900390625
2024-11-26 11:57:00+11:00,8386.7998046875
2024-11-26 11:58:00+11:00,8385.7998046875
2024-11-26 11:59:00+11:00,8386.900390625
2024-11-26 12:00:00+11:00,8386.400390625
2024-11-26 12:01:00+11:00,8383.900390625
2024-11-26 12:02:00+11:00,8378.900390625
2024-11-26 12:03:00+11:00,8375.400390625
2024-11-26 12:04:00+11:00,8375.7998046875
2024-11-26 12:05:00+11:00,8379.2998046875
2024-11-26 12:06:00+11:00,8381.0
2024-11-26 12:07:00+11:00,8379.2998046875
2024-11-26 12:08:00+11:00,8383.0
2024-11-26 12:09:00+11:00,8382.2001953125
2024-11-26 12:10:00+11:00,8379.400390625
2024-11-26 12:11:00+11:00,8378.7998046875
2024-11-26 12:12:00+11:00,8377.599609375
2024-11-26 12:13:00+11:00,8377.2998046875
2024-11-26 12:14:00+11:00,8375.7001953125
2024-11-26 12:15:00+11:00,8375.7998046875
2024-11-26 12:16:00+11:00,8373.599609375
2024-11-26 12:17:00+11:00,8373.0
2024-11-26 12:18:00+11:00,8372.400390625
2024-11-26 12:19:00+11:00,8375.2998046875
2024-11-26 12:20:00+11:00,8377.7998046875
2024-11-26 12:21:00+11:00,8382.2001953125
2024-11-26 12:22:00+11:00,8380.7998046875
2024-11-26 12:23:00+11:00,8383.7001953125
2024-11-26 12:24:00+11:00,8386.2998046875
2024-11-26 12:25:00+11:00,8388.599609375
2024-11-26 12:26:00+11:00,8389.7001953125
2024-11-26 12:27:00+11:00,8389.0
2024-11-26 12:28:00+11:00,8389.7998046875
2024-11-26 12:29:00+11:00,8388.599609375
2024-11-26 12:30:00+11:00,8388.2001953125
2024-11-26 12:31:00+11:00,8386.5
2024-11-26 12:32:00+11:00,8383.7001953125
2024-11-26 12:33:00+11:00,8382.400390625
2024-11-26 12:34:00+11:00,8385.0
2024-11-26 12:35:00+11:00,8388.7001953125
2024-11-26 12:36:00+11:00,8387.5
2024-11-26 12:37:00+11:00,8385.400390625
2024-11-26 12:38:00+11:00,8385.7001953125
2024-11-26 12:39:00+11:00,8383.7001953125
2024-11-26 12:40:00+11:00,8383.7998046875
2024-11-26 12:41:00+11:00,8382.7998046875
2024-11-26 12:42:00+11:00,8386.2998046875
2024-11-26 12:43:00+11:00,8387.2001953125
2024-11-26 12:44:00+11:00,8386.400390625
2024-11-26 12:45:00+11:00,8385.7998046875
2024-11-26 12:46:00+11:00,8384.5
2024-11-26 12:47:00+11:00,8382.599609375
2024-11-26 12:48:00+11:00,8382.599609375
2024-11-26 12:49:00+11:00,8381.2998046875
2024-11-26 12:50:00+11:00,8382.0
2024-11-26 12:51:00+11:00,8383.099609375
2024-11-26 12:52:00+11:00,8383.2001953125
2024-11-26 12:53:00+11:00,8382.7998046875
2024-11-26 12:54:00+11:00,8381.2998046875
2024-11-26 12:55:00+11:00,8381.900390625
2024-11-26 12:56:00+11:00,8381.400390625
2024-11-26 12:57:00+11:00,8381.2001953125
2024-11-26 12:58:00+11:00,8381.599609375
2024-11-26 12:59:00+11:00,8383.2001953125
2024-11-26 13:00:00+11:00,8383.099609375
2024-11-26 13:01:00+11:00,8385.2001953125
2024-11-26 13:02:00+11:00,8383.7001953125
2024-11-26 13:03:00+11:00,8382.400390625
2024-11-26 13:04:00+11:00,8381.0
2024-11-26 13:05:00+11:00,8380.599609375
2024-11-26 13:06:00+11:00,8381.0
2024-11-26 13:07:00+11:00,8382.7001953125
2024-11-26 13:08:00+11:00,8383.2001953125
2024-11-26 13:09:00+11:00,8383.2998046875
2024-11-26 13:10:00+11:00,8382.900390625
2024-11-26 13:11:00+11:00,8381.900390625
2024-11-26 13:12:00+11:00,8381.7998046875
2024-11-26 13:13:00+11:00,8381.2001953125
2024-11-26 13:14:00+11:00,8381.2998046875
2024-11-26 13:15:00+11:00,8381.2001953125
2024-11-26 13:16:00+11:00,8379.7998046875
2024-11-26 13:17:00+11:00,8379.0
2024-11-26 13:18:00+11:00,8380.0
2024-11-26 13:19:00+11:00,8380.599609375
2024-11-26 13:20:00+11:00,8383.900390625
2024-11-26 13:21:00+11:00,8384.5
2024-11-26 13:22:00+11:00,8385.2998046875
2024-11-26 13:23:00+11:00,8384.599609375
2024-11-26 13:24:00+11:00,8384.7001953125
2024-11-26 13:25:00+11:00,8385.2998046875
2024-11-26 13:26:00+11:00,8384.599609375
2024-11-26 13:27:00+11:00,8383.0
2024-11-26 13:28:00+11:00,8382.0
2024-11-26 13:29:00+11:00,8381.400390625
2024-11-26 13:30:00+11:00,8383.2001953125
2024-11-26 13:31:00+11:00,8381.7998046875
2024-11-26 13:32:00+11:00,8381.599609375
2024-11-26 13:33:00+11:00,8382.099609375
2024-11-26 13:34:00+11:00,8381.7001953125
2024-11-26 13:35:00+11:00,8384.2001953125
2024-11-26 13:36:00+11:00,8385.7001953125
2024-11-26 13:37:00+11:00,8386.7998046875
2024-11-26 13:38:00+11:00,8388.7001953125
2024-11-26 13:39:00+11:00,8389.7998046875
2024-11-26 13:40:00+11:00,8391.0
2024-11-26 13:41:00+11:00,8391.099609375
2024-11-26 13:42:00+11:00,8390.7001953125
2024-11-26 13:43:00+11:00,8391.2001953125
2024-11-26 13:44:00+11:00,8390.7998046875
2024-11-26 13:45:00+11:00,8390.099609375
2024-11-26 13:46:00+11:00,8390.5
2024-11-26 13:47:00+11:00,8389.7001953125
2024-11-26 13:48:00+11:00,8390.400390625
2024-11-26 13:49:00+11:00,8389.0
2024-11-26 13:50:00+11:00,8387.5
2024-11-26 13:51:00+11:00,8389.2001953125
2024-11-26 13:52:00+11:00,8387.900390625
2024-11-26 13:53:00+11:00,8385.5
2024-11-26 13:54:00+11:00,8386.599609375
2024-11-26 13:55:00+11:00,8386.400390625
2024-11-26 13:56:00+11:00,8385.099609375
2024-11-26 13:57:00+11:00,8386.0
2024-11-26 13:58:00+11:00,8385.2001953125
2024-11-26 13:59:00+11:00,8384.2001953125
2024-11-26 14:00:00+11:00,8383.900390625
2024-11-26 14:01:00+11:00,8385.7998046875
2024-11-26 14:02:00+11:00,8388.0
2024-11-26 14:03:00+11:00,8387.400390625
2024-11-26 14:04:00+11:00,8386.7001953125
2024-11-26 14:05:00+11:00,8387.599609375
2024-11-26 14:06:00+11:00,8388.099609375
2024-11-26 14:07:00+11:00,8388.7001953125
2024-11-26 14:08:00+11:00,8390.900390625
2024-11-26 14:09:00+11:00,8389.5
2024-11-26 14:10:00+11:00,8388.2001953125
2024-11-26 14:11:00+11:00,8386.599609375
2024-11-26 14:12:00+11:00,8384.7998046875
2024-11-26 14:13:00+11:00,8384.599609375
2024-11-26 14:14:00+11:00,8384.7001953125
2024-11-26 14:15:00+11:00,8385.599609375
2024-11-26 14:16:00+11:00,8387.099609375
2024-11-26 14:17:00+11:00,8386.7998046875
2024-11-26 14:18:00+11:00,8385.599609375
2024-11-26 14:19:00+11:00,8386.2998046875
2024-11-26 14:20:00+11:00,8384.7001953125
2024-11-26 14:21:00+11:00,8384.599609375
2024-11-26 14:22:00+11:00,8385.099609375
2024-11-26 14:23:00+11:00,8383.7001953125
2024-11-26 14:24:00+11:00,8381.5
2024-11-26 14:25:00+11:00,8380.400390625
2024-11-26 14:26:00+11:00,8383.400390625
2024-11-26 14:27:00+11:00,8384.2998046875
2024-11-26 14:28:00+11:00,8383.599609375
2024-11-26 14:29:00+11:00,8383.7001953125
2024-11-26 14:30:00+11:00,8382.2001953125
2024-11-26 14:31:00+11:00,8382.7001953125
2024-11-26 14:32:00+11:00,8382.5
2024-11-26 14:33:00+11:00,8382.2001953125
2024-11-26 14:34:00+11:00,8381.599609375
2024-11-26 14:35:00+11:00,8382.099609375
2024-11-26 14:36:00+11:00,8381.5
2024-11-26 14:37:00+11:00,8380.7001953125
2024-11-26 14:38:00+11:00,8382.5
2024-11-26 14:39:00+11:00,8383.2001953125
2024-11-26 14:40:00+11:00,8384.2001953125
2024-11-26 14:41:00+11:00,8383.099609375
2024-11-26 14:42:00+11:00,8382.099609375
2024-11-26 14:43:00+11:00,8381.7001953125
2024-11-26 14:44:00+11:00,8379.5
2024-11-26 14:45:00+11:00,8379.7998046875
2024-11-26 14:46:00+11:00,8380.0
2024-11-26 14:47:00+11:00,8380.7998046875
2024-11-26 14:48:00+11:00,8379.099609375
2024-11-26 14:49:00+11:00,8382.400390625
2024-11-26 14:50:00+11:00,8383.900390625
2024-11-26 14:51:00+11:00,8381.7001953125
2024-11-26 14:52:00+11:00,8380.900390625
2024-11-26 14:53:00+11:00,8380.7998046875
2024-11-26 14:54:00+11:00,8380.099609375
2024-11-26 14:55:00+11:00,8379.2998046875
2024-11-26 14:56:00+11:00,8379.2998046875
2024-11-26 14:57:00+11:00,8379.2998046875
2024-11-26 14:58:00+11:00,8378.7001953125
2024-11-26 14:59:00+11:00,8378.7001953125
2024-11-26 15:00:00+11:00,8379.2998046875
2024-11-26 15:01:00+11:00,8378.2001953125
2024-11-26 15:02:00+11:00,8377.900390625
2024-11-26 15:03:00+11:00,8379.7001953125
2024-11-26 15:04:00+11:00,8380.0
2024-11-26 15:05:00+11:00,8380.2998046875
2024-11-26 15:06:00+11:00,8380.2001953125
2024-11-26 15:07:00+11:00,8381.400390625
2024-11-26 15:08:00+11:00,8380.400390625
2024-11-26 15:09:00+11:00,8379.7001953125
2024-11-26 15:10:00+11:00,8377.0
2024-11-26 15:11:00+11:00,8377.099609375
2024-11-26 15:12:00+11:00,8378.7001953125
2024-11-26 15:13:00+11:00,8378.0
2024-11-26 15:14:00+11:00,8379.5
2024-11-26 15:15:00+11:00,8380.7001953125
2024-11-26 15:16:00+11:00,8381.2998046875
2024-11-26 15:17:00+11:00,8380.599609375
2024-11-26 15:18:00+11:00,8381.0
2024-11-26 15:19:00+11:00,8379.599609375
2024-11-26 15:20:00+11:00,8381.400390625
2024-11-26 15:21:00+11:00,8380.099609375
2024-11-26 15:22:00+11:00,8379.7998046875
2024-11-26 15:23:00+11:00,8379.2998046875
2024-11-26 15:24:00+11:00,8380.599609375
2024-11-26 15:25:00+11:00,8380.5
2024-11-26 15:26:00+11:00,8379.7001953125
2024-11-26 15:27:00+11:00,8379.599609375
2024-11-26 15:28:00+11:00,8379.599609375
2024-11-26 15:29:00+11:00,8378.7998046875
2024-11-26 15:30:00+11:00,8381.0
2024-11-26 15:31:00+11:00,8379.2998046875
2024-11-26 15:32:00+11:00,8378.400390625
2024-11-26 15:33:00+11:00,8376.900390625
2024-11-26 15:34:00+11:00,8374.5
2024-11-26 15:35:00+11:00,8373.400390625
2024-11-26 15:36:00+11:00,8374.5
2024-11-26 15:37:00+11:00,8373.099609375
2024-11-26 15:38:00+11:00,8372.7998046875
2024-11-26 15:39:00+11:00,8373.7001953125
2024-11-26 15:40:00+11:00,8374.0
2024-11-26 15:41:00+11:00,8371.7001953125
2024-11-26 15:42:00+11:00,8368.400390625
2024-11-26 15:43:00+11:00,8366.7998046875
2024-11-26 15:44:00+11:00,8364.2998046875
2024-11-26 15:45:00+11:00,8364.7001953125
2024-11-26 15:46:00+11:00,8361.7001953125
2024-11-26 15:47:00+11:00,8359.900390625
2024-11-26 15:48:00+11:00,8358.7998046875
2024-11-26 15:49:00+11:00,8356.0
2024-11-26 15:50:00+11:00,8355.7998046875
2024-11-26 15:51:00+11:00,8353.5
2024-11-26 15:52:00+11:00,8356.7998046875
2024-11-26 15:53:00+11:00,8359.599609375
2024-11-26 15:54:00+11:00,8360.2001953125
2024-11-26 15:55:00+11:00,8359.2001953125
2024-11-26 15:56:00+11:00,8360.2998046875
2024-11-26 15:57:00+11:00,8359.5
2024-11-26 15:58:00+11:00,8360.400390625
2024-11-26 15:59:00+11:00,8361.400390625
2024-11-26 16:00:00+11:00,8362.0
2024-11-26 16:01:00+11:00,8362.0
2024-11-26 16:02:00+11:00,8362.0
2024-11-26 16:03:00+11:00,8362.0
2024-11-26 16:04:00+11:00,8362.0
2024-11-26 16:05:00+11:00,8362.0
2024-11-26 16:06:00+11:00,8362.0
2024-11-26 16:07:00+11:00,8362.0
2024-11-26 16:08:00+11:00,8362.0
2024-11-26 16:09:00+11:00,8362.0
2024-11-26 16:10:00+11:00,8359.400390625
2024-11-26 16:11:00+11:00,8359.400390625
2024-11-27 10:00:00+11:00,8361.599609375
2024-11-27 10:01:00+11:00,8361.7001953125
2024-11-27 10:02:00+11:00,8377.0
2024-11-27 10:03:00+11:00,8376.099609375
2024-11-27 10:04:00+11:00,8376.400390625
2024-11-27 10:05:00+11:00,8379.599609375
2024-11-27 10:06:00+11:00,8378.599609375
2024-11-27 10:07:00+11:00,8385.099609375
2024-11-27 10:08:00+11:00,8387.2998046875
2024-11-27 10:09:00+11:00,8401.5
2024-11-27 10:10:00+11:00,8400.900390625
2024-11-27 10:11:00+11:00,8401.5
2024-11-27 10:12:00+11:00,8401.599609375
2024-11-27 10:13:00+11:00,8404.2998046875
2024-11-27 10:14:00+11:00,8402.5
2024-11-27 10:15:00+11:00,8405.099609375
2024-11-27 10:16:00+11:00,8403.5
2024-11-27 10:17:00+11:00,8402.5
2024-11-27 10:18:00+11:00,8402.5
2024-11-27 10:19:00+11:00,8399.5
2024-11-27 10:20:00+11:00,8396.599609375
2024-11-27 10:21:00+11:00,8396.0
2024-11-27 10:22:00+11:00,8395.099609375
2024-11-27 10:23:00+11:00,8392.5
2024-11-27 10:24:00+11:00,8392.099609375
2024-11-27 10:25:00+11:00,8390.400390625
2024-11-27 10:26:00+11:00,8393.099609375
2024-11-27 10:27:00+11:00,8396.2998046875
2024-11-27 10:28:00+11:00,8394.7998046875
2024-11-27 10:29:00+11:00,8395.5
2024-11-27 10:30:00+11:00,8398.900390625
2024-11-27 10:31:00+11:00,8399.2998046875
2024-11-27 10:32:00+11:00,8400.599609375
2024-11-27 10:33:00+11:00,8399.2001953125
2024-11-27 10:34:00+11:00,8401.7998046875
2024-11-27 10:35:00+11:00,8400.2001953125
2024-11-27 10:36:00+11:00,8400.0
2024-11-27 10:37:00+11:00,8399.599609375
2024-11-27 10:38:00+11:00,8396.7001953125
2024-11-27 10:39:00+11:00,8396.2998046875
2024-11-27 10:40:00+11:00,8396.400390625
2024-11-27 10:41:00+11:00,8395.5
2024-11-27 10:42:00+11:00,8395.2998046875
2024-11-27 10:43:00+11:00,8395.7001953125
2024-11-27 10:44:00+11:00,8395.7998046875
2024-11-27 10:45:00+11:00,8395.900390625
2024-11-27 10:46:00+11:00,8399.2998046875
2024-11-27 10:47:00+11:00,8401.900390625
2024-11-27 10:48:00+11:00,8405.2998046875
2024-11-27 10:49:00+11:00,8403.0
2024-11-27 10:50:00+11:00,8403.7998046875
2024-11-27 10:51:00+11:00,8402.099609375
2024-11-27 10:52:00+11:00,8402.099609375
2024-11-27 10:53:00+11:00,8400.900390625
2024-11-27 10:54:00+11:00,8399.900390625
2024-11-27 10:55:00+11:00,8399.2998046875
2024-11-27 10:56:00+11:00,8400.0
2024-11-27 10:57:00+11:00,8397.900390625
2024-11-27 10:58:00+11:00,8397.099609375
2024-11-27 10:59:00+11:00,8398.400390625
2024-11-27 11:00:00+11:00,8395.7998046875
2024-11-27 11:01:00+11:00,8396.599609375
2024-11-27 11:02:00+11:00,8396.2001953125
2024-11-27 11:03:00+11:00,8395.7998046875
2024-11-27 11:04:00+11:00,8396.599609375
2024-11-27 11:05:00+11:00,8397.7001953125
2024-11-27 11:06:00+11:00,8398.0
2024-11-27 11:07:00+11:00,8400.599609375
2024-11-27 11:08:00+11:00,8402.2001953125
2024-11-27 11:09:00+11:00,8402.099609375
2024-11-27 11:10:00+11:00,8402.400390625
2024-11-27 11:11:00+11:00,8402.0
2024-11-27 11:12:00+11:00,8403.099609375
2024-11-27 11:13:00+11:00,8404.2998046875
2024-11-27 11:14:00+11:00,8404.400390625
2024-11-27 11:15:00+11:00,8405.099609375
2024-11-27 11:16:00+11:00,8406.7001953125
2024-11-27 11:17:00+11:00,8405.0
2024-11-27 11:18:00+11:00,8405.7998046875
2024-11-27 11:19:00+11:00,8410.2001953125
2024-11-27 11:20:00+11:00,8411.599609375
2024-11-27 11:21:00+11:00,8410.5
2024-11-27 11:22:00+11:00,8409.900390625
2024-11-27 11:23:00+11:00,8408.5
2024-11-27 11:24:00+11:00,8407.0
2024-11-27 11:25:00+11:00,8408.2001953125
2024-11-27 11:26:00+11:00,8406.099609375
2024-11-27 11:27:00+11:00,8404.0
2024-11-27 11:28:00+11:00,8404.5
2024-11-27 11:29:00+11:00,8404.2001953125
2024-11-27 11:30:00+11:00,8401.099609375
2024-11-27 11:31:00+11:00,8398.7001953125
2024-11-27 11:32:00+11:00,8399.2998046875
2024-11-27 11:33:00+11:00,8401.099609375
2024-11-27 11:34:00+11:00,8402.099609375
2024-11-27 11:35:00+11:00,8400.400390625
2024-11-27 11:36:00+11:00,8402.400390625
2024-11-27 11:37:00+11:00,8404.2998046875
2024-11-27 11:38:00+11:00,8401.5
2024-11-27 11:39:00+11:00,8402.599609375
2024-11-27 11:40:00+11:00,8401.7998046875
2024-11-27 11:41:00+11:00,8402.599609375
2024-11-27 11:42:00+11:00,8403.7001953125
2024-11-27 11:43:00+11:00,8403.2001953125
2024-11-27 11:44:00+11:00,8402.400390625
2024-11-27 11:45:00+11:00,8403.2001953125
2024-11-27 11:46:00+11:00,8402.599609375
2024-11-27 11:47:00+11:00,8401.400390625
2024-11-27 11:48:00+11:00,8404.2998046875
2024-11-27 11:49:00+11:00,8404.599609375
2024-11-27 11:50:00+11:00,8403.7998046875
2024-11-27 11:51:00+11:00,8405.5
2024-11-27 11:52:00+11:00,8406.099609375
2024-11-27 11:53:00+11:00,8406.5
2024-11-27 11:54:00+11:00,8407.599609375
2024-11-27 11:55:00+11:00,8407.5
2024-11-27 11:56:00+11:00,8407.7998046875
2024-11-27 11:57:00+11:00,8406.7001953125
2024-11-27 11:58:00+11:00,8405.5
2024-11-27 11:59:00+11:00,8406.7998046875
2024-11-27 12:00:00+11:00,8404.900390625
2024-11-27 12:01:00+11:00,8403.2001953125
2024-11-27 12:02:00+11:00,8403.2001953125
2024-11-27 12:03:00+11:00,8403.5
2024-11-27 12:04:00+11:00,8396.7001953125
2024-11-27 12:05:00+11:00,8399.599609375
2024-11-27 12:06:00+11:00,8397.900390625
2024-11-27 12:07:00+11:00,8397.7998046875
2024-11-27 12:08:00+11:00,8398.2998046875
2024-11-27 12:09:00+11:00,8396.2001953125
2024-11-27 12:10:00+11:00,8392.599609375
2024-11-27 12:11:00+11:00,8391.599609375
2024-11-27 12:12:00+11:00,8389.7998046875
2024-11-27 12:13:00+11:00,8389.2001953125
2024-11-27 12:14:00+11:00,8389.0
2024-11-27 12:15:00+11:00,8390.0
2024-11-27 12:16:00+11:00,8391.599609375
2024-11-27 12:17:00+11:00,8392.400390625
2024-11-27 12:18:00+11:00,8394.5
2024-11-27 12:19:00+11:00,8393.400390625
2024-11-27 12:20:00+11:00,8392.7998046875
2024-11-27 12:21:00+11:00,8393.400390625
2024-11-27 12:22:00+11:00,8394.2001953125
2024-11-27 12:23:00+11:00,8392.2001953125
2024-11-27 12:24:00+11:00,8392.2998046875
2024-11-27 12:25:00+11:00,8393.900390625
2024-11-27 12:26:00+11:00,8394.0
2024-11-27 12:27:00+11:00,8394.2001953125
2024-11-27 12:28:00+11:00,8393.0
2024-11-27 12:29:00+11:00,8394.400390625
2024-11-27 12:30:00+11:00,8396.2998046875
2024-11-27 12:31:00+11:00,8398.7001953125
2024-11-27 12:32:00+11:00,8396.7001953125
2024-11-27 12:33:00+11:00,8397.7001953125
2024-11-27 12:34:00+11:00,8398.0
2024-11-27 12:35:00+11:00,8399.2001953125
2024-11-27 12:36:00+11:00,8400.7001953125
2024-11-27 12:37:00+11:00,8400.5
2024-11-27 12:38:00+11:00,8401.5
2024-11-27 12:39:00+11:00,8401.599609375
2024-11-27 12:40:00+11:00,8401.2998046875
2024-11-27 12:41:00+11:00,8403.400390625
2024-11-27 12:42:00+11:00,8403.5
2024-11-27 12:43:00+11:00,8402.7998046875
2024-11-27 12:44:00+11:00,8403.099609375
2024-11-27 12:45:00+11:00,8401.599609375
2024-11-27 12:46:00+11:00,8400.099609375
2024-11-27 12:47:00+11:00,8400.0
2024-11-27 12:48:00+11:00,8399.400390625
2024-11-27 12:49:00+11:00,8399.099609375
2024-11-27 12:50:00+11:00,8401.2998046875
2024-11-27 12:51:00+11:00,8401.900390625
2024-11-27 12:52:00+11:00,8400.599609375
2024-11-27 12:53:00+11:00,8401.5
2024-11-27 12:54:00+11:00,8402.5
2024-11-27 12:55:00+11:00,8403.2001953125
2024-11-27 12:56:00+11:00,8402.5
2024-11-27 12:57:00+11:00,8402.400390625
2024-11-27 12:58:00+11:00,8403.599609375
2024-11-27 12:59:00+11:00,8404.5
2024-11-27 13:00:00+11:00,8403.5
2024-11-27 13:01:00+11:00,8404.400390625
2024-11-27 13:02:00+11:00,8404.2998046875
2024-11-27 13:03:00+11:00,8405.7998046875
2024-11-27 13:04:00+11:00,8405.7998046875
2024-11-27 13:05:00+11:00,8406.099609375
2024-11-27 13:06:00+11:00,8405.2001953125
2024-11-27 13:07:00+11:00,8405.599609375
2024-11-27 13:08:00+11:00,8405.0
2024-11-27 13:09:00+11:00,8406.0
2024-11-27 13:10:00+11:00,8406.0
2024-11-27 13:11:00+11:00,8404.400390625
2024-11-27 13:12:00+11:00,8405.2001953125
2024-11-27 13:13:00+11:00,8406.599609375
2024-11-27 13:14:00+11:00,8405.400390625
2024-11-27 13:15:00+11:00,8406.400390625
2024-11-27 13:16:00+11:00,8406.0
2024-11-27 13:17:00+11:00,8406.2001953125
2024-11-27 13:18:00+11:00,8405.7001953125
2024-11-27 13:19:00+11:00,8405.400390625
2024-11-27 13:20:00+11:00,8404.7998046875
2024-11-27 13:21:00+11:00,8402.7998046875
2024-11-27 13:22:00+11:00,8405.900390625
2024-11-27 13:23:00+11:00,8406.400390625
2024-11-27 13:24:00+11:00,8407.7001953125
2024-11-27 13:25:00+11:00,8410.7001953125
2024-11-27 13:26:00+11:00,8411.400390625
2024-11-27 13:27:00+11:00,8410.7998046875
2024-11-27 13:28:00+11:00,8409.900390625
2024-11-27 13:29:00+11:00,8409.5
2024-11-27 13:30:00+11:00,8409.2998046875
2024-11-27 13:31:00+11:00,8410.2001953125
2024-11-27 13:32:00+11:00,8409.900390625
2024-11-27 13:33:00+11:00,8409.2998046875
2024-11-27 13:34:00+11:00,8408.7001953125
2024-11-27 13:35:00+11:00,8410.400390625
2024-11-27 13:36:00+11:00,8410.599609375
2024-11-27 13:37:00+11:00,8409.2998046875
2024-11-27 13:38:00+11:00,8410.2001953125
2024-11-27 13:39:00+11:00,8409.599609375
2024-11-27 13:40:00+11:00,8408.7001953125
2024-11-27 13:41:00+11:00,8406.900390625
2024-11-27 13:42:00+11:00,8405.400390625
2024-11-27 13:43:00+11:00,8406.900390625
2024-11-27 13:44:00+11:00,8408.400390625
2024-11-27 13:45:00+11:00,8407.400390625
2024-11-27 13:46:00+11:00,8407.0
2024-11-27 13:47:00+11:00,8408.7001953125
2024-11-27 13:48:00+11:00,8410.900390625
2024-11-27 13:49:00+11:00,8412.599609375
2024-11-27 13:50:00+11:00,8412.900390625
2024-11-27 13:51:00+11:00,8413.7998046875
2024-11-27 13:52:00+11:00,8414.400390625
2024-11-27 13:53:00+11:00,8413.2998046875
2024-11-27 13:54:00+11:00,8414.2998046875
2024-11-27 13:55:00+11:00,8412.7001953125
2024-11-27 13:56:00+11:00,8411.900390625
2024-11-27 13:57:00+11:00,8411.0
2024-11-27 13:58:00+11:00,8409.599609375
2024-11-27 13:59:00+11:00,8407.5
2024-11-27 14:00:00+11:00,8406.7001953125
2024-11-27 14:01:00+11:00,8406.7001953125
2024-11-27 14:02:00+11:00,8410.099609375
2024-11-27 14:03:00+11:00,8411.400390625
2024-11-27 14:04:00+11:00,8410.599609375
2024-11-27 14:05:00+11:00,8408.400390625
2024-11-27 14:06:00+11:00,8409.099609375
2024-11-27 14:07:00+11:00,8409.099609375
2024-11-27 14:08:00+11:00,8408.7001953125
2024-11-27 14:09:00+11:00,8409.7001953125
2024-11-27 14:10:00+11:00,8410.2998046875
2024-11-27 14:11:00+11:00,8411.2001953125
2024-11-27 14:12:00+11:00,8414.400390625
2024-11-27 14:13:00+11:00,8415.2001953125
2024-11-27 14:14:00+11:00,8415.5
2024-11-27 14:15:00+11:00,8416.2998046875
2024-11-27 14:16:00+11:00,8414.7001953125
2024-11-27 14:17:00+11:00,8415.7001953125
2024-11-27 14:18:00+11:00,8414.7998046875
2024-11-27 14:19:00+11:00,8416.0
2024-11-27 14:20:00+11:00,8417.099609375
2024-11-27 14:21:00+11:00,8416.599609375
2024-11-27 14:22:00+11:00,8413.099609375
2024-11-27 14:23:00+11:00,8411.7001953125
2024-11-27 14:24:00+11:00,8411.7001953125
2024-11-27 14:25:00+11:00,8412.7001953125
2024-11-27 14:26:00+11:00,8414.099609375
2024-11-27 14:27:00+11:00,8414.7998046875
2024-11-27 14:28:00+11:00,8413.5
2024-11-27 14:29:00+11:00,8412.2998046875
2024-11-27 14:30:00+11:00,8410.400390625
2024-11-27 14:31:00+11:00,8410.599609375
2024-11-27 14:32:00+11:00,8409.7998046875
2024-11-27 14:33:00+11:00,8409.900390625
2024-11-27 14:34:00+11:00,8411.7998046875
2024-11-27 14:35:00+11:00,8411.900390625
2024-11-27 14:36:00+11:00,8410.900390625
2024-11-27 14:37:00+11:00,8414.0
2024-11-27 14:38:00+11:00,8414.099609375
2024-11-27 14:39:00+11:00,8413.599609375
2024-11-27 14:40:00+11:00,8413.599609375
2024-11-27 14:41:00+11:00,8413.5
2024-11-27 14:42:00+11:00,8414.400390625
2024-11-27 14:43:00+11:00,8413.7998046875
2024-11-27 14:44:00+11:00,8412.7001953125
2024-11-27 14:45:00+11:00,8411.599609375
2024-11-27 14:46:00+11:00,8411.099609375
2024-11-27 14:47:00+11:00,8413.400390625
2024-11-27 14:48:00+11:00,8414.2001953125
2024-11-27 14:49:00+11:00,8413.0
2024-11-27 14:50:00+11:00,8411.0
2024-11-27 14:51:00+11:00,8410.599609375
2024-11-27 14:52:00+11:00,8410.0
2024-11-27 14:53:00+11:00,8410.2001953125
2024-11-27 14:54:00+11:00,8408.900390625
2024-11-27 14:55:00+11:00,8407.7001953125
2024-11-27 14:56:00+11:00,8408.0
2024-11-27 14:57:00+11:00,8408.0
2024-11-27 14:58:00+11:00,8405.7998046875
2024-11-27 14:59:00+11:00,8406.599609375
2024-11-27 15:00:00+11:00,8405.5
2024-11-27 15:01:00+11:00,8403.2001953125
2024-11-27 15:02:00+11:00,8403.599609375
2024-11-27 15:03:00+11:00,8403.900390625
2024-11-27 15:04:00+11:00,8405.0
2024-11-27 15:05:00+11:00,8408.2998046875
2024-11-27 15:06:00+11:00,8406.099609375
2024-11-27 15:07:00+11:00,8407.099609375
2024-11-27 15:08:00+11:00,8409.599609375
2024-11-27 15:09:00+11:00,8410.599609375
2024-11-27 15:10:00+11:00,8409.5
2024-11-27 15:11:00+11:00,8411.2998046875
2024-11-27 15:12:00+11:00,8412.099609375
2024-11-27 15:13:00+11:00,8413.2001953125
2024-11-27 15:14:00+11:00,8411.7001953125
2024-11-27 15:15:00+11:00,8412.099609375
2024-11-27 15:16:00+11:00,8413.5
2024-11-27 15:17:00+11:00,8413.900390625
2024-11-27 15:18:00+11:00,8413.599609375
2024-11-27 15:19:00+11:00,8414.099609375
2024-11-27 15:20:00+11:00,8413.7001953125
2024-11-27 15:21:00+11:00,8412.599609375
2024-11-27 15:22:00+11:00,8414.2001953125
2024-11-27 15:23:00+11:00,8415.5
2024-11-27 15:24:00+11:00,8416.0
2024-11-27 15:25:00+11:00,8417.2001953125
2024-11-27 15:26:00+11:00,8416.2998046875
2024-11-27 15:27:00+11:00,8417.2998046875
2024-11-27 15:28:00+11:00,8416.599609375
2024-11-27 15:29:00+11:00,8415.900390625
2024-11-27 15:30:00+11:00,8415.7998046875
2024-11-27 15:31:00+11:00,8414.2001953125
2024-11-27 15:32:00+11:00,8413.5
2024-11-27 15:33:00+11:00,8410.2001953125
2024-11-27 15:34:00+11:00,8410.7001953125
2024-11-27 15:35:00+11:00,8408.5
2024-11-27 15:36:00+11:00,8407.2001953125
2024-11-27 15:37:00+11:00,8406.900390625
2024-11-27 15:38:00+11:00,8408.7998046875
2024-11-27 15:39:00+11:00,8407.599609375
2024-11-27 15:40:00+11:00,8405.599609375
2024-11-27 15:41:00+11:00,8404.0
2024-11-27 15:42:00+11:00,8401.599609375
2024-11-27 15:43:00+11:00,8401.5
2024-11-27 15:44:00+11:00,8402.2001953125
2024-11-27 15:45:00+11:00,8403.599609375
2024-11-27 15:46:00+11:00,8402.5
2024-11-27 15:47:00+11:00,8402.099609375
2024-11-27 15:48:00+11:00,8401.2998046875
2024-11-27 15:49:00+11:00,8401.0
2024-11-27 15:50:00+11:00,8399.599609375
2024-11-27 15:51:00+11:00,8397.7001953125
2024-11-27 15:52:00+11:00,8396.900390625
2024-11-27 15:53:00+11:00,8397.599609375
2024-11-27 15:54:00+11:00,8397.900390625
2024-11-27 15:55:00+11:00,8397.2001953125
2024-11-27 15:56:00+11:00,8397.7998046875
2024-11-27 15:58:00+11:00,8397.400390625
2024-11-27 15:59:00+11:00,8397.400390625
2024-11-27 16:00:00+11:00,8397.7998046875
2024-11-27 16:01:00+11:00,8397.7998046875
2024-11-27 16:02:00+11:00,8397.7998046875
2024-11-27 16:03:00+11:00,8397.7998046875
2024-11-27 16:04:00+11:00,8397.7998046875
2024-11-27 16:05:00+11:00,8397.7998046875
2024-11-27 16:06:00+11:00,8397.7998046875
2024-11-27 16:07:00+11:00,8397.7998046875
2024-11-27 16:08:00+11:00,8397.7998046875
2024-11-27 16:09:00+11:00,8397.7998046875
2024-11-27 16:10:00+11:00,8397.7998046875
2024-11-27 16:11:00+11:00,8406.7001953125
2024-11-28 10:00:00+11:00,8411.400390625
2024-11-28 10:01:00+11:00,8411.7001953125
2024-11-28 10:02:00+11:00,8422.900390625
2024-11-28 10:03:00+11:00,8420.7001953125
2024-11-28 10:04:00+11:00,8422.7998046875
2024-11-28 10:05:00+11:00,8432.5
2024-11-28 10:06:00+11:00,8431.0
2024-11-28 10:07:00+11:00,8435.2998046875
2024-11-28 10:08:00+11:00,8438.0
2024-11-28 10:09:00+11:00,8445.5
2024-11-28 10:10:00+11:00,8443.7998046875
2024-11-28 10:11:00+11:00,8442.2001953125
2024-11-28 10:12:00+11:00,8441.2001953125
2024-11-28 10:13:00+11:00,8443.599609375
2024-11-28 10:14:00+11:00,8444.400390625
2024-11-28 10:15:00+11:00,8446.7001953125
2024-11-28 10:16:00+11:00,8446.5
2024-11-28 10:17:00+11:00,8446.5
2024-11-28 10:18:00+11:00,8448.599609375
2024-11-28 10:19:00+11:00,8447.599609375
2024-11-28 10:20:00+11:00,8449.7001953125
2024-11-28 10:21:00+11:00,8450.7998046875
2024-11-28 10:22:00+11:00,8448.5
2024-11-28 10:23:00+11:00,8446.2998046875
2024-11-28 10:24:00+11:00,8446.7998046875
2024-11-28 10:25:00+11:00,8446.7998046875
2024-11-28 10:26:00+11:00,8448.7998046875
2024-11-28 10:27:00+11:00,8445.7998046875
2024-11-28 10:28:00+11:00,8443.5
2024-11-28 10:29:00+11:00,8444.5
2024-11-28 10:30:00+11:00,8448.7001953125
2024-11-28 10:31:00+11:00,8448.599609375
2024-11-28 10:32:00+11:00,8449.7998046875
2024-11-28 10:33:00+11:00,8447.7998046875
2024-11-28 10:34:00+11:00,8446.2998046875
2024-11-28 10:35:00+11:00,8443.7998046875
2024-11-28 10:36:00+11:00,8442.2998046875
2024-11-28 10:37:00+11:00,8441.900390625
2024-11-28 10:38:00+11:00,8443.7001953125
2024-11-28 10:39:00+11:00,8444.7001953125
2024-11-28 10:40:00+11:00,8445.599609375
2024-11-28 10:41:00+11:00,8446.599609375
2024-11-28 10:42:00+11:00,8445.5
2024-11-28 10:43:00+11:00,8446.0
2024-11-28 10:44:00+11:00,8445.099609375
2024-11-28 10:45:00+11:00,8447.5
2024-11-28 10:46:00+11:00,8448.2998046875
2024-11-28 10:47:00+11:00,8449.7001953125
2024-11-28 10:48:00+11:00,8449.099609375
2024-11-28 10:49:00+11:00,8445.099609375
2024-11-28 10:50:00+11:00,8446.5
2024-11-28 10:51:00+11:00,8445.7001953125
2024-11-28 10:52:00+11:00,8447.7001953125
2024-11-28 10:53:00+11:00,8445.2001953125
2024-11-28 10:54:00+11:00,8446.400390625
2024-11-28 10:55:00+11:00,8448.2998046875
2024-11-28 10:56:00+11:00,8447.0
2024-11-28 10:57:00+11:00,8447.7001953125
2024-11-28 10:58:00+11:00,8447.599609375
2024-11-28 10:59:00+11:00,8447.2998046875
2024-11-28 11:00:00+11:00,8448.5
2024-11-28 11:01:00+11:00,8446.900390625
2024-11-28 11:02:00+11:00,8449.0
2024-11-28 11:03:00+11:00,8450.900390625
2024-11-28 11:04:00+11:00,8450.900390625
2024-11-28 11:05:00+11:00,8448.900390625
2024-11-28 11:06:00+11:00,8450.099609375
2024-11-28 11:07:00+11:00,8451.5
2024-11-28 11:08:00+11:00,8453.400390625
2024-11-28 11:09:00+11:00,8451.2998046875
2024-11-28 11:10:00+11:00,8452.400390625
2024-11-28 11:11:00+11:00,8450.099609375
2024-11-28 11:12:00+11:00,8451.099609375
2024-11-28 11:13:00+11:00,8450.7998046875
2024-11-28 11:14:00+11:00,8451.0
2024-11-28 11:15:00+11:00,8453.599609375
2024-11-28 11:16:00+11:00,8452.099609375
2024-11-28 11:17:00+11:00,8451.099609375
2024-11-28 11:18:00+11:00,8453.400390625
2024-11-28 11:19:00+11:00,8453.400390625
2024-11-28 11:20:00+11:00,8452.0
2024-11-28 11:21:00+11:00,8453.099609375
2024-11-28 11:22:00+11:00,8451.7998046875
2024-11-28 11:23:00+11:00,8452.2001953125
2024-11-28 11:24:00+11:00,8451.2001953125
2024-11-28 11:25:00+11:00,8450.2001953125
2024-11-28 11:26:00+11:00,8449.599609375
2024-11-28 11:27:00+11:00,8449.7001953125
2024-11-28 11:28:00+11:00,8450.2001953125
2024-11-28 11:29:00+11:00,8451.0
2024-11-28 11:30:00+11:00,8451.900390625
2024-11-28 11:31:00+11:00,8445.900390625
2024-11-28 11:32:00+11:00,8443.900390625
2024-11-28 11:33:00+11:00,8444.099609375
2024-11-28 11:34:00+11:00,8442.5
2024-11-28 11:35:00+11:00,8441.400390625
2024-11-28 11:36:00+11:00,8442.099609375
2024-11-28 11:37:00+11:00,8441.2998046875
2024-11-28 11:38:00+11:00,8440.099609375
2024-11-28 11:39:00+11:00,8441.599609375
2024-11-28 11:40:00+11:00,8442.400390625
2024-11-28 11:41:00+11:00,8443.599609375
2024-11-28 11:42:00+11:00,8443.599609375
2024-11-28 11:43:00+11:00,8442.2001953125
2024-11-28 11:44:00+11:00,8443.2998046875
2024-11-28 11:45:00+11:00,8443.0
2024-11-28 11:46:00+11:00,8442.2998046875
2024-11-28 11:47:00+11:00,8442.400390625
2024-11-28 11:48:00+11:00,8442.7998046875
2024-11-28 11:49:00+11:00,8443.400390625
2024-11-28 11:50:00+11:00,8443.2998046875
2024-11-28 11:51:00+11:00,8442.599609375
2024-11-28 11:52:00+11:00,8444.099609375
2024-11-28 11:53:00+11:00,8445.599609375
2024-11-28 11:54:00+11:00,8446.2001953125
2024-11-28 11:55:00+11:00,8446.7001953125
2024-11-28 11:56:00+11:00,8447.2998046875
2024-11-28 11:57:00+11:00,8445.7001953125
2024-11-28 11:58:00+11:00,8444.099609375
2024-11-28 11:59:00+11:00,8443.599609375
2024-11-28 12:00:00+11:00,8444.2001953125
2024-11-28 12:01:00+11:00,8443.0
2024-11-28 12:02:00+11:00,8442.5
2024-11-28 12:03:00+11:00,8442.599609375
2024-11-28 12:04:00+11:00,8443.0
2024-11-28 12:05:00+11:00,8441.2998046875
2024-11-28 12:06:00+11:00,8441.7998046875
2024-11-28 12:07:00+11:00,8441.7001953125
2024-11-28 12:08:00+11:00,8442.2998046875
2024-11-28 12:09:00+11:00,8442.7001953125
2024-11-28 12:10:00+11:00,8443.2998046875
2024-11-28 12:11:00+11:00,8446.2998046875
2024-11-28 12:12:00+11:00,8444.599609375
2024-11-28 12:13:00+11:00,8445.7998046875
2024-11-28 12:14:00+11:00,8445.099609375
2024-11-28 12:15:00+11:00,8446.2998046875
2024-11-28 12:16:00+11:00,8447.099609375
2024-11-28 12:17:00+11:00,8446.7001953125
2024-11-28 12:18:00+11:00,8446.400390625
2024-11-28 12:19:00+11:00,8446.2998046875
2024-11-28 12:20:00+11:00,8445.400390625
2024-11-28 12:21:00+11:00,8444.900390625
2024-11-28 12:22:00+11:00,8442.7001953125
2024-11-28 12:23:00+11:00,8442.5
2024-11-28 12:24:00+11:00,8442.7998046875
2024-11-28 12:25:00+11:00,8442.900390625
2024-11-28 12:26:00+11:00,8444.0
2024-11-28 12:27:00+11:00,8444.900390625
2024-11-28 12:28:00+11:00,8445.400390625
2024-11-28 12:29:00+11:00,8446.400390625
2024-11-28 12:30:00+11:00,8446.2001953125
2024-11-28 12:31:00+11:00,8447.599609375
2024-11-28 12:32:00+11:00,8446.7001953125
2024-11-28 12:33:00+11:00,8447.5
2024-11-28 12:34:00+11:00,8448.7001953125
2024-11-28 12:35:00+11:00,8448.7001953125
2024-11-28 12:36:00+11:00,8448.900390625
2024-11-28 12:37:00+11:00,8448.5
2024-11-28 12:38:00+11:00,8448.0
2024-11-28 12:39:00+11:00,8448.5
2024-11-28 12:40:00+11:00,8448.900390625
2024-11-28 12:41:00+11:00,8449.0
2024-11-28 12:42:00+11:00,8450.599609375
2024-11-28 12:43:00+11:00,8452.599609375
2024-11-28 12:44:00+11:00,8452.2998046875
2024-11-28 12:45:00+11:00,8454.7998046875
2024-11-28 12:46:00+11:00,8454.900390625
2024-11-28 12:47:00+11:00,8454.7001953125
2024-11-28 12:48:00+11:00,8455.400390625
2024-11-28 12:49:00+11:00,8456.2998046875
2024-11-28 12:50:00+11:00,8457.599609375
2024-11-28 12:51:00+11:00,8458.2998046875
2024-11-28 12:52:00+11:00,8457.7998046875
2024-11-28 12:53:00+11:00,8457.2998046875
2024-11-28 12:54:00+11:00,8457.400390625
2024-11-28 12:55:00+11:00,8456.400390625
2024-11-28 12:56:00+11:00,8457.0
2024-11-28 12:57:00+11:00,8454.2001953125
2024-11-28 12:58:00+11:00,8454.400390625
2024-11-28 12:59:00+11:00,8455.2001953125
2024-11-28 13:00:00+11:00,8456.599609375
2024-11-28 13:01:00+11:00,8457.900390625
2024-11-28 13:02:00+11:00,8458.400390625
2024-11-28 13:03:00+11:00,8459.2001953125
2024-11-28 13:04:00+11:00,8459.7998046875
2024-11-28 13:05:00+11:00,8459.400390625
2024-11-28 13:06:00+11:00,8461.0
2024-11-28 13:07:00+11:00,8460.599609375
2024-11-28 13:08:00+11:00,8460.7001953125
2024-11-28 13:09:00+11:00,8461.7998046875
2024-11-28 13:10:00+11:00,8462.400390625
2024-11-28 13:11:00+11:00,8462.099609375
2024-11-28 13:12:00+11:00,8463.7001953125
2024-11-28 13:13:00+11:00,8463.099609375
2024-11-28 13:14:00+11:00,8461.7001953125
2024-11-28 13:15:00+11:00,8462.7001953125
2024-11-28 13:16:00+11:00,8464.099609375
2024-11-28 13:17:00+11:00,8463.7998046875
2024-11-28 13:18:00+11:00,8463.7998046875
2024-11-28 13:19:00+11:00,8465.099609375
2024-11-28 13:20:00+11:00,8465.5
2024-11-28 13:21:00+11:00,8465.900390625
2024-11-28 13:22:00+11:00,8465.7998046875
2024-11-28 13:23:00+11:00,8465.5
2024-11-28 13:24:00+11:00,8465.0
2024-11-28 13:25:00+11:00,8463.0
2024-11-28 13:26:00+11:00,8464.599609375
2024-11-28 13:27:00+11:00,8465.099609375
2024-11-28 13:28:00+11:00,8465.900390625
2024-11-28 13:29:00+11:00,8465.099609375
2024-11-28 13:30:00+11:00,8465.900390625
2024-11-28 13:31:00+11:00,8465.0
2024-11-28 13:32:00+11:00,8465.7001953125
2024-11-28 13:33:00+11:00,8464.7001953125
2024-11-28 13:34:00+11:00,8462.7001953125
2024-11-28 13:35:00+11:00,8462.2001953125
2024-11-28 13:36:00+11:00,8463.2998046875
2024-11-28 13:37:00+11:00,8462.400390625
2024-11-28 13:38:00+11:00,8460.900390625
2024-11-28 13:39:00+11:00,8460.099609375
2024-11-28 13:40:00+11:00,8459.5
2024-11-28 13:41:00+11:00,8460.2001953125
2024-11-28 13:42:00+11:00,8461.0
2024-11-28 13:43:00+11:00,8461.099609375
2024-11-28 13:44:00+11:00,8464.400390625
2024-11-28 13:45:00+11:00,8464.400390625
2024-11-28 13:46:00+11:00,8465.2001953125
2024-11-28 13:47:00+11:00,8466.400390625
2024-11-28 13:48:00+11:00,8466.0
2024-11-28 13:49:00+11:00,8465.5
2024-11-28 13:50:00+11:00,8466.2998046875
2024-11-28 13:51:00+11:00,8465.5
2024-11-28 13:52:00+11:00,8468.0
2024-11-28 13:53:00+11:00,8468.900390625
2024-11-28 13:54:00+11:00,8469.2001953125
2024-11-28 13:55:00+11:00,8470.099609375
2024-11-28 13:56:00+11:00,8468.900390625
2024-11-28 13:57:00+11:00,8467.599609375
2024-11-28 13:58:00+11:00,8467.7001953125
2024-11-28 13:59:00+11:00,8468.7001953125
2024-11-28 14:00:00+11:00,8468.2998046875
2024-11-28 14:01:00+11:00,8467.2001953125
2024-11-28 14:02:00+11:00,8467.900390625
2024-11-28 14:03:00+11:00,8467.5
2024-11-28 14:04:00+11:00,8466.7001953125
2024-11-28 14:05:00+11:00,8466.7998046875
2024-11-28 14:06:00+11:00,8466.7998046875
2024-11-28 14:07:00+11:00,8468.0
2024-11-28 14:08:00+11:00,8466.7998046875
2024-11-28 14:09:00+11:00,8467.2998046875
2024-11-28 14:10:00+11:00,8466.0
2024-11-28 14:11:00+11:00,8467.0
2024-11-28 14:12:00+11:00,8468.599609375
2024-11-28 14:13:00+11:00,8467.5
2024-11-28 14:14:00+11:00,8469.599609375
2024-11-28 14:15:00+11:00,8468.400390625
2024-11-28 14:16:00+11:00,8469.099609375
2024-11-28 14:17:00+11:00,8468.0
2024-11-28 14:18:00+11:00,8467.7998046875
2024-11-28 14:19:00+11:00,8467.599609375
2024-11-28 14:20:00+11:00,8465.599609375
2024-11-28 14:21:00+11:00,8464.599609375
2024-11-28 14:22:00+11:00,8464.400390625
2024-11-28 14:23:00+11:00,8462.900390625
2024-11-28 14:24:00+11:00,8463.099609375
2024-11-28 14:25:00+11:00,8464.7001953125
2024-11-28 14:26:00+11:00,8465.0
2024-11-28 14:27:00+11:00,8466.2001953125
2024-11-28 14:28:00+11:00,8467.7998046875
2024-11-28 14:29:00+11:00,8468.599609375
2024-11-28 14:30:00+11:00,8468.099609375
2024-11-28 14:31:00+11:00,8466.5
2024-11-28 14:32:00+11:00,8467.900390625
2024-11-28 14:33:00+11:00,8469.599609375
2024-11-28 14:34:00+11:00,8470.099609375
2024-11-28 14:35:00+11:00,8470.2001953125
2024-11-28 14:36:00+11:00,8471.0
2024-11-28 14:37:00+11:00,8472.2001953125
2024-11-28 14:38:00+11:00,8472.599609375
2024-11-28 14:39:00+11:00,8470.900390625
2024-11-28 14:40:00+11:00,8471.7998046875
2024-11-28 14:41:00+11:00,8471.7001953125
2024-11-28 14:42:00+11:00,8474.5
2024-11-28 14:43:00+11:00,8476.7001953125
2024-11-28 14:44:00+11:00,8475.2998046875
2024-11-28 14:45:00+11:00,8477.099609375
2024-11-28 14:46:00+11:00,8477.099609375
2024-11-28 14:47:00+11:00,8476.2998046875
2024-11-28 14:48:00+11:00,8476.2001953125
2024-11-28 14:49:00+11:00,8475.7001953125
2024-11-28 14:50:00+11:00,8476.400390625
2024-11-28 14:51:00+11:00,8475.7001953125
2024-11-28 14:52:00+11:00,8475.599609375
2024-11-28 14:53:00+11:00,8475.2001953125
2024-11-28 14:54:00+11:00,8475.5
2024-11-28 14:55:00+11:00,8474.599609375
2024-11-28 14:56:00+11:00,8474.900390625
2024-11-28 14:57:00+11:00,8475.099609375
2024-11-28 14:58:00+11:00,8475.2998046875
2024-11-28 14:59:00+11:00,8474.099609375
2024-11-28 15:00:00+11:00,8475.099609375
2024-11-28 15:01:00+11:00,8474.900390625
2024-11-28 15:02:00+11:00,8474.0
2024-11-28 15:03:00+11:00,8473.400390625
2024-11-28 15:04:00+11:00,8470.900390625
2024-11-28 15:05:00+11:00,8473.2001953125
2024-11-28 15:06:00+11:00,8472.5
2024-11-28 15:07:00+11:00,8470.7998046875
2024-11-28 15:08:00+11:00,8469.900390625
2024-11-28 15:09:00+11:00,8469.400390625
2024-11-28 15:10:00+11:00,8467.7998046875
2024-11-28 15:11:00+11:00,8468.7998046875
2024-11-28 15:12:00+11:00,8467.7001953125
2024-11-28 15:13:00+11:00,8468.2998046875
2024-11-28 15:14:00+11:00,8468.2998046875
2024-11-28 15:15:00+11:00,8469.2001953125
2024-11-28 15:16:00+11:00,8469.7998046875
2024-11-28 15:17:00+11:00,8468.7998046875
2024-11-28 15:18:00+11:00,8469.5
2024-11-28 15:19:00+11:00,8470.5
2024-11-28 15:20:00+11:00,8469.099609375
2024-11-28 15:21:00+11:00,8466.599609375
2024-11-28 15:22:00+11:00,8465.099609375
2024-11-28 15:23:00+11:00,8466.0
2024-11-28 15:24:00+11:00,8465.2001953125
2024-11-28 15:25:00+11:00,8464.400390625
2024-11-28 15:26:00+11:00,8465.099609375
2024-11-28 15:27:00+11:00,8465.2001953125
2024-11-28 15:28:00+11:00,8465.900390625
2024-11-28 15:29:00+11:00,8465.900390625
2024-11-28 15:30:00+11:00,8467.099609375
2024-11-28 15:31:00+11:00,8466.599609375
2024-11-28 15:32:00+11:00,8466.7001953125
2024-11-28 15:33:00+11:00,8466.7001953125
2024-11-28 15:34:00+11:00,8467.7001953125
2024-11-28 15:35:00+11:00,8469.599609375
2024-11-28 15:36:00+11:00,8468.599609375
2024-11-28 15:37:00+11:00,8469.7001953125
2024-11-28 15:38:00+11:00,8469.7998046875
2024-11-28 15:39:00+11:00,8469.7001953125
2024-11-28 15:40:00+11:00,8470.2998046875
2024-11-28 15:41:00+11:00,8469.900390625
2024-11-28 15:42:00+11:00,8470.900390625
2024-11-28 15:43:00+11:00,8470.599609375
2024-11-28 15:44:00+11:00,8470.5
2024-11-28 15:45:00+11:00,8470.5
2024-11-28 15:46:00+11:00,8470.400390625
2024-11-28 15:47:00+11:00,8470.7998046875
2024-11-28 15:48:00+11:00,8468.5
2024-11-28 15:49:00+11:00,8466.400390625
2024-11-28 15:50:00+11:00,8465.2001953125
2024-11-28 15:51:00+11:00,8464.2998046875
2024-11-28 15:52:00+11:00,8460.7998046875
2024-11-28 15:53:00+11:00,8461.900390625
2024-11-28 15:54:00+11:00,8460.7001953125
2024-11-28 15:55:00+11:00,8460.599609375
2024-11-28 15:56:00+11:00,8461.400390625
2024-11-28 15:57:00+11:00,8461.0
2024-11-28 15:58:00+11:00,8461.0
2024-11-28 15:59:00+11:00,8460.900390625
2024-11-28 16:00:00+11:00,8461.5
2024-11-28 16:01:00+11:00,8461.5
2024-11-28 16:02:00+11:00,8461.5
2024-11-28 16:03:00+11:00,8461.5
2024-11-28 16:04:00+11:00,8461.5
2024-11-28 16:05:00+11:00,8461.5
2024-11-28 16:06:00+11:00,8461.5
2024-11-28 16:07:00+11:00,8461.5
2024-11-28 16:08:00+11:00,8461.5
2024-11-28 16:09:00+11:00,8461.5
2024-11-28 16:10:00+11:00,8461.5
2024-11-28 16:11:00+11:00,8444.2998046875
2024-11-29 10:00:00+11:00,8439.400390625
2024-11-29 10:01:00+11:00,8440.2001953125
2024-11-29 10:02:00+11:00,8428.0
2024-11-29 10:03:00+11:00,8427.2998046875
2024-11-29 10:04:00+11:00,8421.0
2024-11-29 10:05:00+11:00,8422.099609375
2024-11-29 10:06:00+11:00,8421.2998046875
2024-11-29 10:07:00+11:00,8418.900390625
2024-11-29 10:08:00+11:00,8418.099609375
2024-11-29 10:09:00+11:00,8410.7001953125
2024-11-29 10:10:00+11:00,8410.2998046875
2024-11-29 10:11:00+11:00,8410.7998046875
2024-11-29 10:12:00+11:00,8413.400390625
2024-11-29 10:13:00+11:00,8412.5
2024-11-29 10:14:00+11:00,8413.099609375
2024-11-29 10:15:00+11:00,8412.599609375
2024-11-29 10:16:00+11:00,8411.7001953125
2024-11-29 10:17:00+11:00,8412.5
2024-11-29 10:18:00+11:00,8411.099609375
2024-11-29 10:19:00+11:00,8414.400390625
2024-11-29 10:20:00+11:00,8414.099609375
2024-11-29 10:21:00+11:00,8415.5
2024-11-29 10:22:00+11:00,8416.599609375
2024-11-29 10:23:00+11:00,8415.599609375
2024-11-29 10:24:00+11:00,8415.5
2024-11-29 10:25:00+11:00,8415.2001953125
2024-11-29 10:26:00+11:00,8412.7001953125
2024-11-29 10:27:00+11:00,8412.5
2024-11-29 10:28:00+11:00,8412.599609375
2024-11-29 10:29:00+11:00,8411.400390625
2024-11-29 10:30:00+11:00,8410.900390625
2024-11-29 10:31:00+11:00,8412.2001953125
2024-11-29 10:32:00+11:00,8411.2998046875
2024-11-29 10:33:00+11:00,8411.400390625
2024-11-29 10:34:00+11:00,8410.5
2024-11-29 10:35:00+11:00,8409.900390625
2024-11-29 10:36:00+11:00,8407.2001953125
2024-11-29 10:37:00+11:00,8406.7001953125
2024-11-29 10:38:00+11:00,8408.7998046875
2024-11-29 10:39:00+11:00,8411.599609375
2024-11-29 10:40:00+11:00,8413.5
2024-11-29 10:41:00+11:00,8413.0
2024-11-29 10:42:00+11:00,8412.5
2024-11-29 10:43:00+11:00,8411.400390625
2024-11-29 10:44:00+11:00,8412.400390625
2024-11-29 10:45:00+11:00,8410.900390625
2024-11-29 10:46:00+11:00,8410.0
2024-11-29 10:47:00+11:00,8408.5
2024-11-29 10:48:00+11:00,8405.7998046875
2024-11-29 10:49:00+11:00,8405.7001953125
2024-11-29 10:50:00+11:00,8405.900390625
2024-11-29 10:51:00+11:00,8406.900390625
2024-11-29 10:52:00+11:00,8406.2001953125
2024-11-29 10:53:00+11:00,8405.400390625
2024-11-29 10:54:00+11:00,8407.0
2024-11-29 10:55:00+11:00,8406.5
2024-11-29 10:56:00+11:00,8404.900390625
2024-11-29 10:57:00+11:00,8406.900390625
2024-11-29 10:58:00+11:00,8407.900390625
2024-11-29 10:59:00+11:00,8406.2001953125
2024-11-29 11:00:00+11:00,8406.7001953125
2024-11-29 11:01:00+11:00,8401.7998046875
2024-11-29 11:02:00+11:00,8401.7998046875
2024-11-29 11:03:00+11:00,8399.7001953125
2024-11-29 11:04:00+11:00,8399.099609375
2024-11-29 11:05:00+11:00,8396.5
2024-11-29 11:06:00+11:00,8396.2001953125
2024-11-29 11:07:00+11:00,8394.400390625
2024-11-29 11:08:00+11:00,8395.7998046875
2024-11-29 11:09:00+11:00,8395.7998046875
2024-11-29 11:10:00+11:00,8396.400390625
2024-11-29 11:11:00+11:00,8396.599609375
2024-11-29 11:12:00+11:00,8395.2998046875
2024-11-29 11:13:00+11:00,8396.599609375
2024-11-29 11:14:00+11:00,8394.5
2024-11-29 11:15:00+11:00,8393.2998046875
2024-11-29 11:16:00+11:00,8395.099609375
2024-11-29 11:17:00+11:00,8395.5
2024-11-29 11:18:00+11:00,8397.900390625
2024-11-29 11:19:00+11:00,8398.2998046875
2024-11-29 11:20:00+11:00,8400.2001953125
2024-11-29 11:21:00+11:00,8402.599609375
2024-11-29 11:22:00+11:00,8402.7998046875
2024-11-29 11:23:00+11:00,8402.400390625
2024-11-29 11:24:00+11:00,8400.900390625
2024-11-29 11:25:00+11:00,8401.099609375
2024-11-29 11:26:00+11:00,8399.900390625
2024-11-29 11:27:00+11:00,8401.0
2024-11-29 11:28:00+11:00,8400.2001953125
2024-11-29 11:29:00+11:00,8401.099609375
2024-11-29 11:30:00+11:00,8401.5
2024-11-29 11:31:00+11:00,8401.099609375
2024-11-29 11:32:00+11:00,8401.099609375
2024-11-29 11:33:00+11:00,8400.400390625
2024-11-29 11:34:00+11:00,8400.2998046875
2024-11-29 11:35:00+11:00,8400.2001953125
2024-11-29 11:36:00+11:00,8400.599609375
2024-11-29 11:37:00+11:00,8400.099609375
2024-11-29 11:38:00+11:00,8401.099609375
2024-11-29 11:39:00+11:00,8403.099609375
2024-11-29 11:40:00+11:00,8404.7998046875
2024-11-29 11:41:00+11:00,8404.900390625
2024-11-29 11:42:00+11:00,8406.2998046875
2024-11-29 11:43:00+11:00,8407.099609375
2024-11-29 11:44:00+11:00,8409.599609375
2024-11-29 11:45:00+11:00,8407.7998046875
2024-11-29 11:46:00+11:00,8399.599609375
2024-11-29 11:47:00+11:00,8398.400390625
2024-11-29 11:48:00+11:00,8397.2998046875
2024-11-29 11:49:00+11:00,8392.7998046875
2024-11-29 11:50:00+11:00,8395.2001953125
2024-11-29 11:51:00+11:00,8390.099609375
2024-11-29 11:52:00+11:00,8391.2001953125
2024-11-29 11:53:00+11:00,8394.7998046875
2024-11-29 11:54:00+11:00,8394.2998046875
2024-11-29 11:55:00+11:00,8393.2998046875
2024-11-29 11:56:00+11:00,8392.599609375
2024-11-29 11:57:00+11:00,8393.2998046875
2024-11-29 11:58:00+11:00,8394.5
2024-11-29 11:59:00+11:00,8393.7001953125
2024-11-29 12:00:00+11:00,8393.7001953125
2024-11-29 12:01:00+11:00,8394.2998046875
2024-11-29 12:02:00+11:00,8395.5
2024-11-29 12:03:00+11:00,8396.2001953125
2024-11-29 12:04:00+11:00,8396.7998046875
2024-11-29 12:05:00+11:00,8398.0
2024-11-29 12:06:00+11:00,8399.099609375
2024-11-29 12:07:00+11:00,8398.599609375
2024-11-29 12:08:00+11:00,8399.400390625
2024-11-29 12:09:00+11:00,8400.599609375
2024-11-29 12:10:00+11:00,8403.2001953125
2024-11-29 12:11:00+11:00,8403.400390625
2024-11-29 12:12:00+11:00,8404.400390625
2024-11-29 12:13:00+11:00,8403.2001953125
2024-11-29 12:14:00+11:00,8404.400390625
2024-11-29 12:15:00+11:00,8404.5
2024-11-29 12:16:00+11:00,8405.7998046875
2024-11-29 12:17:00+11:00,8406.0
2024-11-29 12:18:00+11:00,8404.400390625
2024-11-29 12:19:00+11:00,8404.099609375
2024-11-29 12:20:00+11:00,8405.2001953125
2024-11-29 12:21:00+11:00,8407.2998046875
2024-11-29 12:22:00+11:00,8408.599609375
2024-11-29 12:23:00+11:00,8405.900390625
2024-11-29 12:24:00+11:00,8407.599609375
2024-11-29 12:25:00+11:00,8410.2001953125
2024-11-29 12:26:00+11:00,8412.400390625
2024-11-29 12:27:00+11:00,8412.400390625
2024-11-29 12:28:00+11:00,8411.0
2024-11-29 12:29:00+11:00,8411.5
2024-11-29 12:30:00+11:00,8411.900390625
2024-11-29 12:31:00+11:00,8414.2001953125
2024-11-29 12:32:00+11:00,8414.400390625
2024-11-29 12:33:00+11:00,8413.5
2024-11-29 12:34:00+11:00,8415.7001953125
2024-11-29 12:35:00+11:00,8413.099609375
2024-11-29 12:36:00+11:00,8410.400390625
2024-11-29 12:37:00+11:00,8411.7998046875
2024-11-29 12:38:00+11:00,8412.2998046875
2024-11-29 12:39:00+11:00,8411.7001953125
2024-11-29 12:40:00+11:00,8410.5
2024-11-29 12:41:00+11:00,8412.0
2024-11-29 12:42:00+11:00,8413.0
2024-11-29 12:43:00+11:00,8411.2998046875
2024-11-29 12:44:00+11:00,8410.0
2024-11-29 12:45:00+11:00,8411.900390625
2024-11-29 12:46:00+11:00,8413.2001953125
2024-11-29 12:47:00+11:00,8414.0
2024-11-29 12:48:00+11:00,8413.5
2024-11-29 12:49:00+11:00,8414.2998046875
2024-11-29 12:50:00+11:00,8412.400390625
2024-11-29 12:51:00+11:00,8411.2001953125
2024-11-29 12:52:00+11:00,8411.2001953125
2024-11-29 12:53:00+11:00,8412.2998046875
2024-11-29 12:54:00+11:00,8412.2001953125
2024-11-29 12:55:00+11:00,8412.7001953125
2024-11-29 12:56:00+11:00,8412.599609375
2024-11-29 12:57:00+11:00,8412.900390625
2024-11-29 12:58:00+11:00,8412.599609375
2024-11-29 12:59:00+11:00,8412.2001953125
2024-11-29 13:00:00+11:00,8411.7001953125
2024-11-29 13:01:00+11:00,8412.2001953125
2024-11-29 13:02:00+11:00,8412.0
2024-11-29 13:03:00+11:00,8411.5
2024-11-29 13:04:00+11:00,8411.0
2024-11-29 13:05:00+11:00,8412.599609375
2024-11-29 13:06:00+11:00,8413.7001953125
2024-11-29 13:07:00+11:00,8412.599609375
2024-11-29 13:08:00+11:00,8414.0
2024-11-29 13:09:00+11:00,8414.400390625
2024-11-29 13:10:00+11:00,8415.099609375
2024-11-29 13:11:00+11:00,8415.2001953125
2024-11-29 13:12:00+11:00,8415.5
2024-11-29 13:13:00+11:00,8415.7998046875
2024-11-29 13:14:00+11:00,8415.099609375
2024-11-29 13:15:00+11:00,8415.7998046875
2024-11-29 13:16:00+11:00,8414.900390625
2024-11-29 13:17:00+11:00,8414.7998046875
2024-11-29 13:18:00+11:00,8413.900390625
2024-11-29 13:19:00+11:00,8415.400390625
2024-11-29 13:20:00+11:00,8415.599609375
2024-11-29 13:21:00+11:00,8415.7001953125
2024-11-29 13:22:00+11:00,8417.2001953125
2024-11-29 13:23:00+11:00,8416.2998046875
2024-11-29 13:24:00+11:00,8415.5
2024-11-29 13:25:00+11:00,8415.2998046875
2024-11-29 13:26:00+11:00,8416.7998046875
2024-11-29 13:27:00+11:00,8416.7998046875
2024-11-29 13:28:00+11:00,8418.099609375
2024-11-29 13:29:00+11:00,8418.099609375
2024-11-29 13:30:00+11:00,8416.599609375
2024-11-29 13:31:00+11:00,8418.2998046875
2024-11-29 13:32:00+11:00,8419.900390625
2024-11-29 13:33:00+11:00,8420.7001953125
2024-11-29 13:34:00+11:00,8421.2998046875
2024-11-29 13:35:00+11:00,8419.900390625
2024-11-29 13:36:00+11:00,8419.099609375
2024-11-29 13:37:00+11:00,8419.2001953125
2024-11-29 13:38:00+11:00,8420.900390625
2024-11-29 13:39:00+11:00,8420.7001953125
2024-11-29 13:40:00+11:00,8421.0
2024-11-29 13:41:00+11:00,8422.7998046875
2024-11-29 13:42:00+11:00,8422.900390625
2024-11-29 13:43:00+11:00,8423.7998046875
2024-11-29 13:44:00+11:00,8425.2001953125
2024-11-29 13:45:00+11:00,8425.099609375
2024-11-29 13:46:00+11:00,8424.099609375
2024-11-29 13:47:00+11:00,8422.0
2024-11-29 13:48:00+11:00,8421.5
2024-11-29 13:49:00+11:00,8421.599609375
2024-11-29 13:50:00+11:00,8421.2001953125
2024-11-29 13:51:00+11:00,8422.599609375
2024-11-29 13:52:00+11:00,8423.099609375
2024-11-29 13:53:00+11:00,8424.2998046875
2024-11-29 13:54:00+11:00,8423.599609375
2024-11-29 13:55:00+11:00,8424.400390625
2024-11-29 13:56:00+11:00,8425.0
2024-11-29 13:57:00+11:00,8424.2998046875
2024-11-29 13:58:00+11:00,8425.7001953125
2024-11-29 13:59:00+11:00,8425.7001953125
2024-11-29 14:00:00+11:00,8427.2998046875
2024-11-29 14:01:00+11:00,8428.2998046875
2024-11-29 14:02:00+11:00,8428.900390625
2024-11-29 14:03:00+11:00,8427.7001953125
2024-11-29 14:04:00+11:00,8426.599609375
2024-11-29 14:05:00+11:00,8426.2001953125
2024-11-29 14:06:00+11:00,8427.900390625
2024-11-29 14:07:00+11:00,8427.7998046875
2024-11-29 14:08:00+11:00,8427.7998046875
2024-11-29 14:09:00+11:00,8427.599609375
2024-11-29 14:10:00+11:00,8426.7001953125
2024-11-29 14:11:00+11:00,8429.0
2024-11-29 14:12:00+11:00,8429.599609375
2024-11-29 14:13:00+11:00,8429.099609375
2024-11-29 14:14:00+11:00,8427.599609375
2024-11-29 14:15:00+11:00,8425.900390625
2024-11-29 14:16:00+11:00,8427.099609375
2024-11-29 14:17:00+11:00,8427.099609375
2024-11-29 14:18:00+11:00,8426.900390625
2024-11-29 14:19:00+11:00,8429.900390625
2024-11-29 14:20:00+11:00,8430.5
2024-11-29 14:21:00+11:00,8431.900390625
2024-11-29 14:22:00+11:00,8430.900390625
2024-11-29 14:23:00+11:00,8427.900390625
2024-11-29 14:24:00+11:00,8428.5
